,similar_tracks,similarity_score,main_track
0,TRABACN128F425B784,0.871737,TRAAAAW128F429D538
1,TRIAINV12903CB4943,0.751301,TRAAAAW128F429D538
2,TRJYGLF12903CB4952,0.751052,TRAAAAW128F429D538
3,TRVNXHF128F93134F0,0.582662,TRAAAAW128F429D538
4,TRWJMMB128F429D550,0.508661,TRAAAAW128F429D538
5,TRUEULA128F425B7DB,0.404535,TRAAAAW128F429D538
6,TRIEUIZ128F427973B,0.028357,TRAAAAW128F429D538
7,TRWNLAW128F9364539,0.0278891,TRAAAAW128F429D538
8,TRWIMTU128F148D424,0.0227976,TRAAAAW128F429D538
9,TRPTKMG128F930E997,0.0198059,TRAAAAW128F429D538
10,TRQIPME12903CE0A48,0.0161872,TRAAAAW128F429D538
11,TRAOGGC128F4215EB5,0.0158649,TRAAAAW128F429D538
12,TROIDMT128F428ED1F,0.0158644,TRAAAAW128F429D538
13,TRAKXGR128F428686F,0.0156715,TRAAAAW128F429D538
14,TRQKESV128F428B3AC,0.0155405,TRAAAAW128F429D538
15,TRCRZMU128F931E6C0,0.0154048,TRAAAAW128F429D538
16,TRKDOBN12903D0C783,0.0152418,TRAAAAW128F429D538
17,TRXVODK12903D0C786,0.0152418,TRAAAAW128F429D538
18,TRIVHFX12903D0CCF0,0.0145524,TRAAAAW128F429D538
19,TRUZARV12903D0CCE5,0.0145524,TRAAAAW128F429D538
20,TRTSCMP12903CB5891,0.0143529,TRAAAAW128F429D538
21,TRWGIRJ128F425DCB2,0.0141029,TRAAAAW128F429D538
22,TRZEKXA128F9342FFC,0.0139119,TRAAAAW128F429D538
23,TRHVRPE128F934DB59,0.0134494,TRAAAAW128F429D538
24,TRZYTKI128F42B7B00,0.0133679,TRAAAAW128F429D538
25,TRJAUFI128F930D04B,0.0130971,TRAAAAW128F429D538
26,TRMXJBM128F145A603,0.0128361,TRAAAAW128F429D538
27,TRDBMBY128F934DB61,0.0127399,TRAAAAW128F429D538
28,TRAZHAJ128F4289AE1,0.0125837,TRAAAAW128F429D538
29,TRZEXUH128F934816E,0.0123893,TRAAAAW128F429D538
30,TRSGSNB128F93134FE,0.0123754,TRAAAAW128F429D538
31,TRIZNZL128F92F8818,0.0121462,TRAAAAW128F429D538
32,TREDUJK12903CF5A86,0.0120188,TRAAAAW128F429D538
33,TRFGMHH128F92EED11,0.0119587,TRAAAAW128F429D538
34,TRUOTGP128F429B016,0.011937,TRAAAAW128F429D538
35,TREQURQ128F92E711F,0.0117435,TRAAAAW128F429D538
36,TRCDXMW12903CB64F1,0.011568,TRAAAAW128F429D538
37,TRTEZBV128F933863D,0.011322,TRAAAAW128F429D538
38,TRASHEO128F933A6F1,0.011127,TRAAAAW128F429D538
39,TRDBFNP128F933EBCE,0.0111053,TRAAAAW128F429D538
40,TRJNDGW12903CB49E8,0.0107949,TRAAAAW128F429D538
41,TRITTDA128F4278BCA,0.0107713,TRAAAAW128F429D538
42,TRMZCKA128F933A6FC,0.0107366,TRAAAAW128F429D538
43,TRRTKBE128F92E865C,0.0103999,TRAAAAW128F429D538
44,TROMXLL128F93221D8,0.0100093,TRAAAAW128F429D538
45,TRMYPAA128F428CDC2,0.00986531,TRAAAAW128F429D538
46,TRWXSCE128F92FC6AE,0.00983297,TRAAAAW128F429D538
47,TRTCRUU128F429F34C,0.009831,TRAAAAW128F429D538
48,TRLYIBM128F933B0EA,0.00942175,TRAAAAW128F429D538
49,TRICXMC12903CC8A7A,0.00935076,TRAAAAW128F429D538
50,TRGHVHI12903CD6DFD,0.00921705,TRAAAAW128F429D538
51,TRVXNHI12903CBF3A1,0.00913571,TRAAAAW128F429D538
52,TRBOXGO128F93148B7,0.00903557,TRAAAAW128F429D538
53,TRHFVQE128F9348164,0.00897666,TRAAAAW128F429D538
54,TRLOFDB128F92EED97,0.00865062,TRAAAAW128F429D538
55,TRHIHNQ128F92F8954,0.00849135,TRAAAAW128F429D538
56,TRICCJR128F42630F2,0.00847992,TRAAAAW128F429D538
57,TRLTLII128F4262BB5,0.00847992,TRAAAAW128F429D538
58,TRSPPUZ128F92D42F5,0.00812294,TRAAAAW128F429D538
59,TRDIXKU128F4276706,0.00805321,TRAAAAW128F429D538
60,TRXUIOA128F426DE47,0.00805321,TRAAAAW128F429D538
61,TRZRBQH128F934DF59,0.00805248,TRAAAAW128F429D538
62,TRSRQXJ128F4236BA4,0.00805248,TRAAAAW128F429D538
63,TRMUYLY128F92E734D,0.00803649,TRAAAAW128F429D538
64,TRXTAPD128F145A606,0.00803649,TRAAAAW128F429D538
65,TRTTVGT128F9322194,0.00789388,TRAAAAW128F429D538
66,TRDGEKT128F93221D3,0.00789388,TRAAAAW128F429D538
67,TRGCTAI128F93223F1,0.00786001,TRAAAAW128F429D538
68,TRLYHQW12903CB4D32,0.00780776,TRAAAAW128F429D538
69,TRHSXDE128F1456DD5,0.00776078,TRAAAAW128F429D538
70,TRAMLHO128F93224CB,0.00771633,TRAAAAW128F429D538
71,TRMPZMN128F93224B3,0.00771633,TRAAAAW128F429D538
72,TRBAJMS128EF356971,0.00767265,TRAAAAW128F429D538
0,TRBRSNN128F4284E8C,1.0,TRAAABD128F429CF47
1,TRHYADV128F4285EC1,0.96342,TRAAABD128F429CF47
2,TRZCLXJ128F429CF49,0.96342,TRAAABD128F429CF47
3,TRQNIHG12903CD198A,0.114344,TRAAABD128F429CF47
4,TRVOKFP128F14A4744,0.107906,TRAAABD128F429CF47
5,TRTISZC128F428AED0,0.106965,TRAAABD128F429CF47
6,TRQAPEY12903CAB54A,0.10662,TRAAABD128F429CF47
7,TRAUZMW128F92F069E,0.103722,TRAAABD128F429CF47
8,TRLRYKM12903CE55D0,0.103722,TRAAABD128F429CF47
9,TRURPOQ128F14A8F9D,0.102162,TRAAABD128F429CF47
10,TRPHBNX12903CBD4B1,0.0992432,TRAAABD128F429CF47
11,TRFOOUR128F934960D,0.0975647,TRAAABD128F429CF47
12,TRSUGTB12903CB2FAB,0.0975647,TRAAABD128F429CF47
13,TRVXSXK128F429B60D,0.0975647,TRAAABD128F429CF47
14,TRBBDXO128F14A4737,0.0966423,TRAAABD128F429CF47
15,TRBROXW128F92F0EB9,0.0958239,TRAAABD128F429CF47
16,TRIGNEI12903CBCD6F,0.0958239,TRAAABD128F429CF47
17,TREQTIN128F425F74C,0.0958239,TRAAABD128F429CF47
18,TRJPFEM128EF34FDBF,0.0958239,TRAAABD128F429CF47
19,TRJDXWL128F92F8499,0.0958239,TRAAABD128F429CF47
20,TRUNSXS128F426C0C7,0.0946108,TRAAABD128F429CF47
21,TRWMGSA128F4272C83,0.0944667,TRAAABD128F429CF47
22,TRMXWJU12903CDD164,0.0942882,TRAAABD128F429CF47
23,TRJQILA128F9332627,0.0942882,TRAAABD128F429CF47
24,TRXZPFF128F92F2427,0.0935865,TRAAABD128F429CF47
25,TRKZUVS128F935937B,0.0935865,TRAAABD128F429CF47
26,TRPKZGZ128F4299118,0.0934409,TRAAABD128F429CF47
27,TRTWROC128F933D44E,0.0934409,TRAAABD128F429CF47
28,TREYVCP128F92F119E,0.0934409,TRAAABD128F429CF47
29,TRGMAKN128F4267E35,0.0929865,TRAAABD128F429CF47
30,TRTZYWN128E0790A99,0.0929865,TRAAABD128F429CF47
31,TRNAQTZ128F4253078,0.0929346,TRAAABD128F429CF47
32,TRGLBSY12903D083D0,0.0929091,TRAAABD128F429CF47
33,TRTCPZB128F148D824,0.0927657,TRAAABD128F429CF47
34,TRVBTOK128F146D5FE,0.0927657,TRAAABD128F429CF47
35,TRKAVNN128F9336969,0.0916686,TRAAABD128F429CF47
36,TRQTPDN128F4261E3D,0.0914631,TRAAABD128F429CF47
37,TRJTTNG128F4269122,0.0914631,TRAAABD128F429CF47
38,TRMIBCS128F426D06B,0.091325,TRAAABD128F429CF47
39,TREZETO128F428504B,0.091325,TRAAABD128F429CF47
40,TRGHABB128F429FA63,0.0903996,TRAAABD128F429CF47
41,TRVVBUG128F14595E1,0.0903996,TRAAABD128F429CF47
42,TRMTACE12903CA6A58,0.0899746,TRAAABD128F429CF47
43,TRWSYVK12903CE4C91,0.0897052,TRAAABD128F429CF47
44,TRQDVKP128F9331549,0.0893731,TRAAABD128F429CF47
45,TRCDYYO12903CA1593,0.0880414,TRAAABD128F429CF47
46,TRNCCZT128F4272C70,0.0880414,TRAAABD128F429CF47
47,TROUHXW128F9316887,0.0879461,TRAAABD128F429CF47
48,TRBBDPZ128F1461E5E,0.0876967,TRAAABD128F429CF47
49,TRCXDEL128F427ACBD,0.0876092,TRAAABD128F429CF47
50,TRFXTSW128F427EF92,0.0876092,TRAAABD128F429CF47
51,TRDRTOZ128F426BF40,0.0876092,TRAAABD128F429CF47
52,TRKGFDX12903CAB339,0.0874074,TRAAABD128F429CF47
53,TRRFXLM128F426D2E8,0.0873368,TRAAABD128F429CF47
54,TRFQMMJ128F9355477,0.0873368,TRAAABD128F429CF47
55,TREXNXL128F935152C,0.0873368,TRAAABD128F429CF47
56,TRSQEYQ128F427EF95,0.0873368,TRAAABD128F429CF47
57,TRYNRRZ128F92F1333,0.0873368,TRAAABD128F429CF47
58,TRRRCNP128F145CA21,0.0867973,TRAAABD128F429CF47
59,TRWDGPE12903CEA111,0.0866366,TRAAABD128F429CF47
60,TRXJZZY12903CD6BA3,0.0849552,TRAAABD128F429CF47
61,TRHOGMB128F1481949,0.0848338,TRAAABD128F429CF47
62,TRRLOPU12903C973F1,0.0848319,TRAAABD128F429CF47
63,TRAPCGP128F42264D9,0.0848319,TRAAABD128F429CF47
64,TRKNRWI12903CBCD5F,0.0848319,TRAAABD128F429CF47
65,TRKJLNG12903CBF497,0.0848319,TRAAABD128F429CF47
66,TRKZRFK12903CCCADE,0.0845012,TRAAABD128F429CF47
67,TRHPBDA128F935E234,0.0838973,TRAAABD128F429CF47
68,TRHRAXE12903CB22E8,0.0835389,TRAAABD128F429CF47
69,TRHXIRT12903CB22B5,0.0835389,TRAAABD128F429CF47
70,TRJOLWN128F145B052,0.0829226,TRAAABD128F429CF47
71,TRZFJWX128F92F1DBC,0.0828665,TRAAABD128F429CF47
72,TRAVNBD128F145CA0E,0.0826785,TRAAABD128F429CF47
73,TRTFYPW12903CCE1B5,0.0826785,TRAAABD128F429CF47
74,TRJVOGE128F145D080,0.0826785,TRAAABD128F429CF47
75,TRXPZAW12903CCBE64,0.0826785,TRAAABD128F429CF47
76,TRCACUG128F92F19D1,0.0822953,TRAAABD128F429CF47
77,TRTEKNT128F429647C,0.0822909,TRAAABD128F429CF47
78,TRKRRXB12903CC2BB6,0.0822573,TRAAABD128F429CF47
79,TRAPNQZ128F145B04E,0.0821823,TRAAABD128F429CF47
80,TRZDSEX128F935E10E,0.0813429,TRAAABD128F429CF47
81,TRUTYQW128F92D86C5,0.0813429,TRAAABD128F429CF47
82,TRUODLY128F93028F1,0.0813429,TRAAABD128F429CF47
83,TRVJPHC128F92D86DC,0.0813429,TRAAABD128F429CF47
84,TRSKLRL128F145B06D,0.0810591,TRAAABD128F429CF47
85,TRCMXJZ12903CB2303,0.0800409,TRAAABD128F429CF47
86,TRVGKVY12903CBF408,0.0800409,TRAAABD128F429CF47
87,TRMHWMV12903D10BC9,0.0799305,TRAAABD128F429CF47
88,TRWKSSS128F92F14F5,0.0796757,TRAAABD128F429CF47
89,TRIIGSO12903CDFB67,0.0796757,TRAAABD128F429CF47
90,TREQVPV128F92D2CC4,0.0796757,TRAAABD128F429CF47
91,TRXGFUU128F92F1CA6,0.0796757,TRAAABD128F429CF47
92,TRYWZQU128F92F908D,0.0796757,TRAAABD128F429CF47
93,TRWUDTK12903C9FBA1,0.0794747,TRAAABD128F429CF47
94,TRLPIID128EF355937,0.0794747,TRAAABD128F429CF47
95,TRQVQVS128F4272438,0.0776108,TRAAABD128F429CF47
96,TRJBAJZ128F425D6E9,0.0772121,TRAAABD128F429CF47
97,TRUXCMZ128F14850B2,0.0770163,TRAAABD128F429CF47
98,TRMUAKK128F92F1323,0.0761035,TRAAABD128F429CF47
99,TRSECLJ12903CAB75C,0.0761035,TRAAABD128F429CF47
100,TRXNKIP128F92F1325,0.0761035,TRAAABD128F429CF47
101,TRCNKQN128F92E4391,0.0748715,TRAAABD128F429CF47
102,TRBPVHU12903CF9F25,0.0748715,TRAAABD128F429CF47
103,TRUEUPG128F9311F10,0.0748715,TRAAABD128F429CF47
104,TRKSDWL128F931684D,0.0748715,TRAAABD128F429CF47
105,TRCJXMP12903CD6B85,0.0748472,TRAAABD128F429CF47
106,TRZTPPO128F4247CE1,0.0748472,TRAAABD128F429CF47
107,TRUJZIB12903CB30E9,0.0748472,TRAAABD128F429CF47
108,TRJDHDT128F9311F00,0.0748472,TRAAABD128F429CF47
109,TRJYAVL128F933D6DF,0.0748472,TRAAABD128F429CF47
110,TRDSAGQ128F9325281,0.0748472,TRAAABD128F429CF47
111,TRODJQB12903CC5FA3,0.0748472,TRAAABD128F429CF47
112,TRMYWHV12903CA362F,0.0748022,TRAAABD128F429CF47
113,TRIUORH12903CAB2FD,0.0747407,TRAAABD128F429CF47
114,TRHHXKJ128F429F575,0.0746256,TRAAABD128F429CF47
115,TRUASZR12903CEC3BB,0.0746256,TRAAABD128F429CF47
116,TRGHVHU128F1459354,0.0742543,TRAAABD128F429CF47
117,TRIUKLB128F1464439,0.0742543,TRAAABD128F429CF47
118,TRVYIPA128F429F583,0.0742543,TRAAABD128F429CF47
119,TRDOAMQ128E0788A48,0.0742543,TRAAABD128F429CF47
120,TRBJXPJ12903CC7933,0.0741738,TRAAABD128F429CF47
121,TRIGPWX128E07936D0,0.0740802,TRAAABD128F429CF47
122,TRYMTQW128F148D825,0.0740802,TRAAABD128F429CF47
123,TRRKEKX12903CB2FB7,0.0739877,TRAAABD128F429CF47
124,TRAIZRD128F429B616,0.0739877,TRAAABD128F429CF47
125,TRBQOHV128F425CAC0,0.0737565,TRAAABD128F429CF47
126,TRFBPGN128F931FE6D,0.0737565,TRAAABD128F429CF47
127,TRQXNDU128F92E722A,0.0737565,TRAAABD128F429CF47
128,TRIOVSG128F42869B1,0.0737565,TRAAABD128F429CF47
129,TRUFXJP128F92FE56E,0.0737565,TRAAABD128F429CF47
130,TRYJJXB128F92DFF85,0.0737565,TRAAABD128F429CF47
131,TRWGMNU128F4285330,0.0731686,TRAAABD128F429CF47
132,TRHMNGA128F92C9EFF,0.0731686,TRAAABD128F429CF47
133,TRTMRYG128F93028E9,0.0731324,TRAAABD128F429CF47
134,TRTZPVQ128F92D86B2,0.0731324,TRAAABD128F429CF47
135,TRCNWKJ128F426E73B,0.0728465,TRAAABD128F429CF47
136,TRWFYXO128F92F1505,0.0725163,TRAAABD128F429CF47
137,TRAQPUZ128F4299119,0.0725163,TRAAABD128F429CF47
138,TRTYNNR128F92F1501,0.0725163,TRAAABD128F429CF47
139,TRZJLKK128F4291FAA,0.0713582,TRAAABD128F429CF47
140,TRILCBD12903CAB7C3,0.0709377,TRAAABD128F429CF47
141,TRWVCJO128E078E079,0.0701591,TRAAABD128F429CF47
142,TRJFCEQ128E07824E2,0.0701591,TRAAABD128F429CF47
143,TRHFFPN12903CBD4C5,0.0678105,TRAAABD128F429CF47
144,TRRETPJ128F423424B,0.0675936,TRAAABD128F429CF47
145,TRADZQV128F14A5760,0.067315,TRAAABD128F429CF47
146,TRRACEL128F423C615,0.0666266,TRAAABD128F429CF47
147,TRUNPBH128F9328649,0.0664467,TRAAABD128F429CF47
148,TRWZUZK128F429F0F7,0.0647161,TRAAABD128F429CF47
149,TRHZPLK128F422C0AD,0.0647161,TRAAABD128F429CF47
150,TRCWRBR128F4292ABC,0.0647161,TRAAABD128F429CF47
151,TRNNQEQ12903CC0545,0.0647161,TRAAABD128F429CF47
152,TRAMRXK128F4285336,0.0645387,TRAAABD128F429CF47
153,TRBQGZO12903CAA8C4,0.0628013,TRAAABD128F429CF47
154,TREAIYY12903CAA8BE,0.0628013,TRAAABD128F429CF47
155,TRGBFMF128F933801B,0.0624984,TRAAABD128F429CF47
156,TRRYJZF12903CAB25C,0.0624984,TRAAABD128F429CF47
157,TRUXBDU128F426E6A9,0.0624984,TRAAABD128F429CF47
158,TRVGKBR128F1485294,0.0624984,TRAAABD128F429CF47
159,TRAJCHY128EF349619,0.0601141,TRAAABD128F429CF47
160,TRYYXQB12903D10BCC,0.0601141,TRAAABD128F429CF47
161,TRFYRVZ128F92EF998,0.0598907,TRAAABD128F429CF47
162,TRNRAPI12903CDF679,0.0598907,TRAAABD128F429CF47
163,TRPHPQU128F92F175F,0.0598907,TRAAABD128F429CF47
164,TRLCAAP128F148527B,0.0598907,TRAAABD128F429CF47
165,TRBYZKX128F93017B0,0.0595299,TRAAABD128F429CF47
166,TRJHJFA12903CEE9AC,0.0595299,TRAAABD128F429CF47
167,TRIHVRA128F92D2D01,0.0578906,TRAAABD128F429CF47
168,TRWIPBP128F429179C,0.0577573,TRAAABD128F429CF47
169,TRCNIEF128F93313E8,0.0574971,TRAAABD128F429CF47
170,TRJLKLR128F934F7C8,0.0574971,TRAAABD128F429CF47
171,TRSYQTX128F933E48F,0.0574971,TRAAABD128F429CF47
172,TRBTKTF128F92DC3CF,0.0559323,TRAAABD128F429CF47
173,TRJOKBO128F9320966,0.0559323,TRAAABD128F429CF47
174,TRQKEYC128F9301C5B,0.0558312,TRAAABD128F429CF47
175,TRBIYZT128F933F92F,0.0540735,TRAAABD128F429CF47
176,TRWCWXU12903CD9321,0.0537946,TRAAABD128F429CF47
177,TRWLRFU12903CB4DD3,0.0537946,TRAAABD128F429CF47
178,TRGQHOS128F93293A4,0.0537946,TRAAABD128F429CF47
179,TRHBOWX128F4267927,0.0537946,TRAAABD128F429CF47
180,TRZNONX12903CEA3DC,0.0537946,TRAAABD128F429CF47
181,TRLGQPZ12903C9F46B,0.0537946,TRAAABD128F429CF47
182,TRLYBAF128F92F1691,0.0537946,TRAAABD128F429CF47
183,TRBJVRP128F14674B7,0.0537498,TRAAABD128F429CF47
184,TRQBQRA128F92E922D,0.0528349,TRAAABD128F429CF47
185,TRSPFSP128F425D93F,0.052472,TRAAABD128F429CF47
186,TRBUSDV128F92D310B,0.051989,TRAAABD128F429CF47
187,TRJPEOW128F930959D,0.0504662,TRAAABD128F429CF47
188,TROYNQC128F42307DF,0.0488744,TRAAABD128F429CF47
189,TRQWHEJ12903CFB7BE,0.0479675,TRAAABD128F429CF47
190,TRJZSEL128F427D7E9,0.0471112,TRAAABD128F429CF47
191,TRCWPSO128F423BB6A,0.045788,TRAAABD128F429CF47
192,TRTZIUX128F4240C17,0.045788,TRAAABD128F429CF47
193,TRVDWHW128F92D04B6,0.0457762,TRAAABD128F429CF47
194,TRMLUVT128F9334C45,0.0457313,TRAAABD128F429CF47
195,TRWAFXO12903CDF975,0.0457313,TRAAABD128F429CF47
196,TRUPCYN128F9311F0F,0.0457313,TRAAABD128F429CF47
197,TREIFTD128F932FB55,0.0457313,TRAAABD128F429CF47
198,TREYHAT128F4247CEA,0.0457313,TRAAABD128F429CF47
199,TRYMYDV12903CB30BB,0.0457313,TRAAABD128F429CF47
200,TRYLDOS12903CD6B8C,0.0457313,TRAAABD128F429CF47
201,TRBUWIW128F14A3A8F,0.0442804,TRAAABD128F429CF47
202,TRZCAQR128F14A4711,0.0442804,TRAAABD128F429CF47
203,TRIDHZH128F92D2F85,0.0442804,TRAAABD128F429CF47
204,TRNUQYT128F14604CC,0.0442804,TRAAABD128F429CF47
205,TRTJBKG12903CF4B7A,0.0442804,TRAAABD128F429CF47
206,TRVRVAT128F14A3A93,0.0442804,TRAAABD128F429CF47
207,TRJZRUB128F145993D,0.0438486,TRAAABD128F429CF47
208,TRHFGGA128F427116B,0.0429857,TRAAABD128F429CF47
209,TRFNDOB128F92F1371,0.0414171,TRAAABD128F429CF47
210,TRNWKSP128F92F136F,0.0414171,TRAAABD128F429CF47
211,TRWVEGG128F429EF50,0.039792,TRAAABD128F429CF47
212,TRAWLRI128E078F99B,0.039792,TRAAABD128F429CF47
213,TRCBLGH12903CACAA8,0.0393353,TRAAABD128F429CF47
214,TRRVYKU128F935E3C4,0.0393353,TRAAABD128F429CF47
215,TRFKOEN128F92F157B,0.0393353,TRAAABD128F429CF47
216,TRIGGAA128F4263569,0.0378838,TRAAABD128F429CF47
217,TRLLRYE128F93249D9,0.0378838,TRAAABD128F429CF47
218,TRMOOUJ128F426D088,0.0374935,TRAAABD128F429CF47
219,TRBYJMH128F9300CD3,0.0367871,TRAAABD128F429CF47
220,TRSHXSJ128F1485369,0.0367871,TRAAABD128F429CF47
221,TRRQPYA128F934AC17,0.0367667,TRAAABD128F429CF47
222,TRPWGDQ128F428A1C9,0.0367667,TRAAABD128F429CF47
223,TRJKCEY128F428A578,0.0367667,TRAAABD128F429CF47
224,TRAAXUY128F426BA55,0.0366145,TRAAABD128F429CF47
225,TRASXOL128F4283827,0.0363669,TRAAABD128F429CF47
226,TRYKDKV128F42608A8,0.0351285,TRAAABD128F429CF47
227,TRMOHYM12903CEB8FC,0.0338403,TRAAABD128F429CF47
228,TRNKJDK128F92D4512,0.0338403,TRAAABD128F429CF47
229,TRPSOVK128F933F927,0.0338403,TRAAABD128F429CF47
230,TREDMSH128E0790C6E,0.0338403,TRAAABD128F429CF47
231,TROCAYQ12903CD9ED7,0.0338403,TRAAABD128F429CF47
232,TRCKHYK128F147155B,0.0334208,TRAAABD128F429CF47
233,TRPPRUR128F4230760,0.0334208,TRAAABD128F429CF47
234,TRRPYBS12903CB5056,0.0332603,TRAAABD128F429CF47
235,TRRRIFG128F4232AF6,0.0331765,TRAAABD128F429CF47
236,TRFPPSY128F9326173,0.0331765,TRAAABD128F429CF47
237,TRAGVTG128F92FE9E2,0.0331765,TRAAABD128F429CF47
238,TRPOHCH128F1491569,0.0331765,TRAAABD128F429CF47
239,TRXEPKA128F4224724,0.0331765,TRAAABD128F429CF47
240,TREECJY128F931F4C1,0.0316427,TRAAABD128F429CF47
241,TRBQKMC128F931F4CE,0.0299632,TRAAABD128F429CF47
242,TRTAYKV12903C9A99C,0.0294842,TRAAABD128F429CF47
243,TRUICXF128F1474540,0.0294842,TRAAABD128F429CF47
244,TRJJHTC128F426C543,0.027194,TRAAABD128F429CF47
245,TRMYTPE128F92FD787,0.0269167,TRAAABD128F429CF47
246,TRRULDW128F14A3A95,0.0269167,TRAAABD128F429CF47
247,TRCZURP12903CD9FBA,0.0256199,TRAAABD128F429CF47
248,TRYFZZT128E0790AD2,0.0256199,TRAAABD128F429CF47
249,TRSEKVZ12903CBD4AE,0.0253662,TRAAABD128F429CF47
250,TRZZBWC12903D11AF5,0.0238949,TRAAABD128F429CF47
251,TRLRZGA128F935E90A,0.0238949,TRAAABD128F429CF47
252,TRMWQNL128F4270732,0.0231966,TRAAABD128F429CF47
253,TRQYQRN12903C9FE78,0.0231966,TRAAABD128F429CF47
254,TRDKRTJ128F426559D,0.0231966,TRAAABD128F429CF47
255,TRJKXQP128F92E1CD7,0.00282814,TRAAABD128F429CF47
256,TRDRXZT12903CEC186,0.00282814,TRAAABD128F429CF47
257,TRYEWYT12903CD534C,0.00187363,TRAAABD128F429CF47
258,TRVPAQW128F1495910,0.00186709,TRAAABD128F429CF47
259,TRXUVNM128F42825E5,0.0018545,TRAAABD128F429CF47
260,TRNYZXW128F427248C,0.00185416,TRAAABD128F429CF47
261,TRSGQLU128F1492092,0.00185416,TRAAABD128F429CF47
262,TRPNQSP128F428D760,0.00185231,TRAAABD128F429CF47
263,TRPAZXW128F14A260C,0.00185203,TRAAABD128F429CF47
264,TRWLBXM128F42AEE42,0.0018516,TRAAABD128F429CF47
265,TRFYOUO128F426B526,0.00185139,TRAAABD128F429CF47
266,TRPQAHJ128F425138D,0.00185139,TRAAABD128F429CF47
267,TRQGPLN128F92D3819,0.00185133,TRAAABD128F429CF47
268,TRDSKYS128F1473642,0.00185129,TRAAABD128F429CF47
269,TRRRVGV128F147362B,0.00185129,TRAAABD128F429CF47
270,TRYVRYT128F4255AC3,0.00185129,TRAAABD128F429CF47
271,TROSDVC128F92D3829,0.00185125,TRAAABD128F429CF47
272,TRLHKWP128F1462573,0.00185125,TRAAABD128F429CF47
273,TRAWLDB128F92F94D9,0.00185117,TRAAABD128F429CF47
274,TRUZFHX128F92FD360,0.00185117,TRAAABD128F429CF47
275,TRVTAMF128E0794AD3,0.00185117,TRAAABD128F429CF47
276,TRUKPZY128F42A8E35,0.00185113,TRAAABD128F429CF47
277,TRUOSCB12903C9B018,0.00185109,TRAAABD128F429CF47
278,TRMSZTR128F42507D3,0.00185103,TRAAABD128F429CF47
279,TRDEQKZ128EF34A4D3,0.00185099,TRAAABD128F429CF47
0,TRPHLNJ128F9348769,1.0,TRAAADZ128F9348C2E
1,TRVWNCB128F9343925,1.0,TRAAADZ128F9348C2E
2,TRJEHKO128F9342361,0.969615,TRAAADZ128F9348C2E
3,TRXCNMK128F9343935,0.969615,TRAAADZ128F9348C2E
4,TROPKKD128F428955E,0.0785762,TRAAADZ128F9348C2E
5,TRLHJEY128F92FB0C7,0.00696969,TRAAADZ128F9348C2E
6,TRDFKDL128F4214579,0.00450035,TRAAADZ128F9348C2E
7,TRYYYVQ128F4264186,0.00403333,TRAAADZ128F9348C2E
8,TRNJMBU128EF361408,0.00370046,TRAAADZ128F9348C2E
9,TRZKOYI128F4271C3C,0.00362026,TRAAADZ128F9348C2E
10,TRKOKPL128F9303FB5,0.00350748,TRAAADZ128F9348C2E
11,TRVPAAA128F930EA88,0.00307891,TRAAADZ128F9348C2E
12,TRPVPSR128F429F629,0.0029262,TRAAADZ128F9348C2E
13,TREPBTJ128F4278331,0.00288033,TRAAADZ128F9348C2E
14,TRRMFRR128F423648F,0.00262361,TRAAADZ128F9348C2E
15,TRQJOGU128F932F04A,0.00260433,TRAAADZ128F9348C2E
16,TRQSRXN128F930EA86,0.00260433,TRAAADZ128F9348C2E
17,TRLIVFD128F4289512,0.00250083,TRAAADZ128F9348C2E
18,TRKYAYL128F14710AB,0.0024423,TRAAADZ128F9348C2E
19,TRCBUBZ128F14710B4,0.00241911,TRAAADZ128F9348C2E
20,TRGXEXT128F9317197,0.00233526,TRAAADZ128F9348C2E
21,TRRRDUT128F930421F,0.00233526,TRAAADZ128F9348C2E
22,TRJGFPW128F4282FA8,0.00233526,TRAAADZ128F9348C2E
23,TRZZGAU128EF35002E,0.00231484,TRAAADZ128F9348C2E
24,TRDTEAU128F93341FD,0.00226871,TRAAADZ128F9348C2E
25,TROXXUH128E0788BAE,0.00221818,TRAAADZ128F9348C2E
26,TRMEZKC128F92F08C4,0.00215509,TRAAADZ128F9348C2E
27,TROJNZY128F145B513,0.00209491,TRAAADZ128F9348C2E
28,TREMREX128F92F60D8,0.00209227,TRAAADZ128F9348C2E
29,TRGYCYV128F933A213,0.00205576,TRAAADZ128F9348C2E
30,TRLDNPJ128F9313016,0.00205556,TRAAADZ128F9348C2E
31,TRYRNYE128F42B7D0A,0.00196506,TRAAADZ128F9348C2E
32,TRUEGIJ128F42658A0,0.00193127,TRAAADZ128F9348C2E
33,TRFUGOJ128F9348371,0.0019311,TRAAADZ128F9348C2E
34,TRGMSEV12903CDA845,0.00190139,TRAAADZ128F9348C2E
35,TRPHMAY128F42671F2,0.00186335,TRAAADZ128F9348C2E
36,TRYKLDM128F42658E9,0.00181977,TRAAADZ128F9348C2E
37,TRDYSXD128E07870CD,0.0017538,TRAAADZ128F9348C2E
38,TRIGSEM12903CBECAC,0.00175324,TRAAADZ128F9348C2E
39,TRPWTJP12903CADA0F,0.00175324,TRAAADZ128F9348C2E
40,TRKCFGH128F4232B4A,0.00175324,TRAAADZ128F9348C2E
41,TRDKFEH128F429FB13,0.00172684,TRAAADZ128F9348C2E
42,TRCCBKH128F4238722,0.00171457,TRAAADZ128F9348C2E
43,TRZTDNB128F146DFC0,0.00169315,TRAAADZ128F9348C2E
44,TRTLYHI128F92DF486,0.00168595,TRAAADZ128F9348C2E
45,TRLRBDO128F1492335,0.00168595,TRAAADZ128F9348C2E
46,TRGUWHU128F92F90E7,0.00168216,TRAAADZ128F9348C2E
47,TRNOMDJ128F9348273,0.00163845,TRAAADZ128F9348C2E
48,TRFDLYS128F14525C1,0.00163647,TRAAADZ128F9348C2E
49,TRAVXKF128EF366EA7,0.00161892,TRAAADZ128F9348C2E
50,TRTMUST128F92F9C55,0.00159017,TRAAADZ128F9348C2E
51,TRWSGZV128F93422C2,0.00158449,TRAAADZ128F9348C2E
52,TROOZEZ128F4243798,0.00157244,TRAAADZ128F9348C2E
53,TRESBMI128F4276D5D,0.00155154,TRAAADZ128F9348C2E
54,TRHJYWH128F92F6E1C,0.00154281,TRAAADZ128F9348C2E
55,TRNXKMF128F92FECB2,0.00151008,TRAAADZ128F9348C2E
56,TRTFFDG128F92FA8F1,0.00151008,TRAAADZ128F9348C2E
57,TRBNIMI128F92FDC9F,0.00146318,TRAAADZ128F9348C2E
58,TRQWMNR128F1466A85,0.00145612,TRAAADZ128F9348C2E
59,TRAVMGI128E0797FFF,0.00145117,TRAAADZ128F9348C2E
60,TRGJGIM128F9313901,0.00142246,TRAAADZ128F9348C2E
61,TRUQXSC128F429FB0E,0.00140959,TRAAADZ128F9348C2E
62,TRUVVVD128F42AC898,0.00140959,TRAAADZ128F9348C2E
63,TROGTHX128F423F2E4,0.00140959,TRAAADZ128F9348C2E
0,TRWXGJB12903CCFE02,1.0,TRAAAEF128F4273421
1,TRKDLTP128F427F677,0.195257,TRAAAEF128F4273421
2,TRCIFAT128F42770AE,0.164693,TRAAAEF128F4273421
3,TRTRPMO128F14892C6,0.0883011,TRAAAEF128F4273421
4,TRAPJBE12903CB8144,0.0842411,TRAAAEF128F4273421
5,TRAJLVT12903CB8142,0.0838419,TRAAAEF128F4273421
6,TRKECPV12903D05CE2,0.0835638,TRAAAEF128F4273421
7,TRHBVDG128F1458D23,0.0774138,TRAAAEF128F4273421
8,TRMJBNA128F1461674,0.0765071,TRAAAEF128F4273421
9,TRXSLPM128E0782EE4,0.0750638,TRAAAEF128F4273421
10,TRZIVHE128F149DA3D,0.0736646,TRAAAEF128F4273421
11,TRQEYHJ128F1480C2A,0.0724586,TRAAAEF128F4273421
12,TRUXYPX128F426C2C1,0.0723102,TRAAAEF128F4273421
13,TRSOIGV128F1480B63,0.0718924,TRAAAEF128F4273421
14,TRPQEGC128F1467D74,0.071699,TRAAAEF128F4273421
15,TRDLQGL128F1458AA5,0.071699,TRAAAEF128F4273421
16,TRKYMJX128F9301EAA,0.0716885,TRAAAEF128F4273421
17,TRANYVU128F14571A2,0.0716644,TRAAAEF128F4273421
18,TRIMGXM128F92EE90A,0.071465,TRAAAEF128F4273421
19,TREQBRK128F14571A7,0.0714348,TRAAAEF128F4273421
20,TRELFCX128F4295C37,0.0713745,TRAAAEF128F4273421
21,TRZEOOY128F9307694,0.0712868,TRAAAEF128F4273421
22,TRULWNH128F429549E,0.0712868,TRAAAEF128F4273421
23,TRMPDZR128F4294BAC,0.0712278,TRAAAEF128F4273421
24,TRHGGXC128F425A521,0.0712278,TRAAAEF128F4273421
25,TRTIJHJ128F1458693,0.0710214,TRAAAEF128F4273421
26,TRMYPOA128F92C97B3,0.0708115,TRAAAEF128F4273421
27,TRRVLTX128F9331B03,0.070627,TRAAAEF128F4273421
28,TRQHDXE128F1458FD2,0.0705936,TRAAAEF128F4273421
29,TRWYHRD128E0798E2B,0.0705397,TRAAAEF128F4273421
30,TREZZAN128F427C1AA,0.0699712,TRAAAEF128F4273421
31,TRKPUQQ128F146A298,0.0699094,TRAAAEF128F4273421
32,TRDWORL128F42839FB,0.0698061,TRAAAEF128F4273421
33,TROQFJA128F42839E9,0.0698061,TRAAAEF128F4273421
34,TRZUBXG128E0798E24,0.0697422,TRAAAEF128F4273421
35,TRRYRMZ128F9329DE7,0.069503,TRAAAEF128F4273421
36,TRFQDSV128F146ADDB,0.0693429,TRAAAEF128F4273421
37,TRXPXNN128F4260B2B,0.0693429,TRAAAEF128F4273421
38,TRTLBQZ128F146A29C,0.0693366,TRAAAEF128F4273421
39,TRMUNKP128F428E561,0.0686265,TRAAAEF128F4273421
40,TROMBMF12903CB729E,0.0684171,TRAAAEF128F4273421
41,TRFIUKA128F42644AA,0.0680671,TRAAAEF128F4273421
42,TREDWKL128F427037F,0.0680671,TRAAAEF128F4273421
43,TRXQOXW128F42B013D,0.0680671,TRAAAEF128F4273421
44,TRLKLFX128F1456ED6,0.0678178,TRAAAEF128F4273421
45,TRYBGLQ128F42B7BDE,0.0678178,TRAAAEF128F4273421
46,TRBBJEU128F92E1D3E,0.0677147,TRAAAEF128F4273421
47,TRVMHFK128F429072A,0.0677147,TRAAAEF128F4273421
48,TRDURMS128EF349389,0.0672549,TRAAAEF128F4273421
49,TRKIGVA128E0784451,0.0671311,TRAAAEF128F4273421
50,TRCUIDS128F9319F3F,0.0670537,TRAAAEF128F4273421
51,TRMWCQK128F1478638,0.066536,TRAAAEF128F4273421
52,TRVMLDY128E0791BA4,0.066536,TRAAAEF128F4273421
53,TRPVYSI128F14584FA,0.0664023,TRAAAEF128F4273421
54,TRIJGKH128F9303B76,0.066313,TRAAAEF128F4273421
55,TRAONOS128F933A68C,0.0658103,TRAAAEF128F4273421
56,TREURID128F933A656,0.0650509,TRAAAEF128F4273421
57,TRUXWDB128F425A2A4,0.064893,TRAAAEF128F4273421
58,TRCAEQI128F425C923,0.0646386,TRAAAEF128F4273421
59,TRTAJVX128F92C6463,0.0644671,TRAAAEF128F4273421
60,TRYFGNQ128F1455B33,0.0628203,TRAAAEF128F4273421
61,TRZDHRB128F9335B68,0.0622575,TRAAAEF128F4273421
62,TRUSMJX128F92EDFAB,0.0622575,TRAAAEF128F4273421
63,TRLMFJH128E0791359,0.0622575,TRAAAEF128F4273421
64,TRSKNHF128F149CAF8,0.0622575,TRAAAEF128F4273421
65,TRXSOVY128F42B8A81,0.0610466,TRAAAEF128F4273421
66,TRILSYM12903CFDA0C,0.0593516,TRAAAEF128F4273421
67,TRJZNJE128E078F030,0.0588002,TRAAAEF128F4273421
68,TRCIKMN128F9353751,0.0587282,TRAAAEF128F4273421
69,TRFYHOM128F14770C0,0.0586202,TRAAAEF128F4273421
70,TRQDISS12903CAC0D9,0.0586202,TRAAAEF128F4273421
71,TRSJMDN128E078109F,0.0586202,TRAAAEF128F4273421
72,TRZCNKS128F1467F6E,0.0583374,TRAAAEF128F4273421
73,TRNYWHT128F4264CB9,0.058335,TRAAAEF128F4273421
74,TRUXFQV128F1480C27,0.0581467,TRAAAEF128F4273421
75,TRFZBCU128F4230D86,0.0577806,TRAAAEF128F4273421
76,TRXCDQK128F92E1B10,0.0573705,TRAAAEF128F4273421
77,TRYAZFN128F4295410,0.0573705,TRAAAEF128F4273421
78,TRIHPCY128F146737E,0.0571941,TRAAAEF128F4273421
79,TRLSGDX128F1495948,0.0571941,TRAAAEF128F4273421
80,TRXVYXP128F1467F6F,0.0567255,TRAAAEF128F4273421
81,TRXXEVC12903C9E682,0.0567255,TRAAAEF128F4273421
82,TRVVVBY128F42795D8,0.0566954,TRAAAEF128F4273421
83,TRBLYMP128F4261E19,0.056297,TRAAAEF128F4273421
84,TRDTPKS12903CE9127,0.056297,TRAAAEF128F4273421
85,TRQSKGC128F423FB7D,0.0562692,TRAAAEF128F4273421
86,TRUCCHL128F1480138,0.0561457,TRAAAEF128F4273421
87,TRHXCMG128F145842D,0.0560819,TRAAAEF128F4273421
88,TRFPMSE128F4294F94,0.0557282,TRAAAEF128F4273421
89,TREFDAL128F934C588,0.0557282,TRAAAEF128F4273421
90,TRNJGBM128F1458F76,0.0556313,TRAAAEF128F4273421
91,TRNZIHS128F1466856,0.0555902,TRAAAEF128F4273421
92,TRVOMTA128F425C922,0.0555902,TRAAAEF128F4273421
93,TRWVEHK128F4259A0C,0.05533,TRAAAEF128F4273421
94,TRHBCEA128F425975E,0.05533,TRAAAEF128F4273421
95,TRURNLN128F425977D,0.05533,TRAAAEF128F4273421
96,TRDRVPX128EF348C84,0.0552511,TRAAAEF128F4273421
97,TRRKSHJ128EF348C88,0.0551301,TRAAAEF128F4273421
98,TRIJFUG128F4259C81,0.0549434,TRAAAEF128F4273421
99,TREIPRF128F4268872,0.0549434,TRAAAEF128F4273421
100,TRTADZT12903CDC51E,0.0548872,TRAAAEF128F4273421
101,TRJJNXR12903CA6CEF,0.0548872,TRAAAEF128F4273421
102,TRMHZQA128F146ADD5,0.0545185,TRAAAEF128F4273421
103,TRRIUWN128F4260B21,0.0545185,TRAAAEF128F4273421
104,TRGQXJA128E0784860,0.0541188,TRAAAEF128F4273421
105,TROHWWI128F4250380,0.0541188,TRAAAEF128F4273421
106,TRKVEOB128E0784D28,0.0533031,TRAAAEF128F4273421
107,TRYCPNU128E0784D2F,0.0533031,TRAAAEF128F4273421
108,TRUTTBA128F14690D1,0.0530272,TRAAAEF128F4273421
109,TRPLAAS128F14591CD,0.0526084,TRAAAEF128F4273421
110,TRECMSU128F92D2F1C,0.0524391,TRAAAEF128F4273421
111,TRGDFVQ128F1464EC8,0.0503787,TRAAAEF128F4273421
112,TRNOFZC128E0782C81,0.0503313,TRAAAEF128F4273421
113,TROIFBI128F425976A,0.0490403,TRAAAEF128F4273421
114,TRGZBRP128F425A7C3,0.0478562,TRAAAEF128F4273421
115,TRBQTJM128F425A7C8,0.0472595,TRAAAEF128F4273421
116,TRAFYGA128F425A92C,0.0472595,TRAAAEF128F4273421
117,TRLJZSK128E0784449,0.0465902,TRAAAEF128F4273421
118,TRNRHKF128F14611D5,0.0457288,TRAAAEF128F4273421
119,TRTHSNZ128F933A7B1,0.0455682,TRAAAEF128F4273421
120,TRIKSWA128F14770DB,0.0447871,TRAAAEF128F4273421
121,TREODPN128F42BB31E,0.0447871,TRAAAEF128F4273421
122,TROSHXX128F1463BBA,0.0447871,TRAAAEF128F4273421
123,TRHCALI128F92FFC52,0.0446223,TRAAAEF128F4273421
124,TRROHUL128F4250381,0.0446223,TRAAAEF128F4273421
125,TRTWPEN128E0784861,0.0446223,TRAAAEF128F4273421
126,TRGUENC128F9306198,0.0437215,TRAAAEF128F4273421
127,TRNOXJE128E078444B,0.0437215,TRAAAEF128F4273421
128,TRFZIKX128F4230D88,0.0430716,TRAAAEF128F4273421
129,TRRTRBL128F428E4C6,0.0428877,TRAAAEF128F4273421
130,TRABMSR128F428E581,0.0428877,TRAAAEF128F4273421
131,TRCDJKF128F1485431,0.0425627,TRAAAEF128F4273421
132,TRDALOU128EF363E70,0.0422961,TRAAAEF128F4273421
133,TRYITLD128E0785DF1,0.0421758,TRAAAEF128F4273421
134,TRHFKVS128F93451F6,0.0418781,TRAAAEF128F4273421
135,TRIAPZK128F1458FAD,0.0416367,TRAAAEF128F4273421
136,TRPPNMH128E079198F,0.0414184,TRAAAEF128F4273421
137,TRWQMRX128F42437C6,0.0393726,TRAAAEF128F4273421
138,TROLOYP128F428E4CF,0.0386734,TRAAAEF128F4273421
139,TRPDJUY128F145FD5B,0.0384481,TRAAAEF128F4273421
140,TRJKGMM128F4264381,0.0384481,TRAAAEF128F4273421
141,TRJRIJT128F14690DA,0.0378911,TRAAAEF128F4273421
142,TRHUSEQ128F4273305,0.0376393,TRAAAEF128F4273421
143,TRGTWTH12903CAC0F5,0.0370806,TRAAAEF128F4273421
144,TRJHCWS128F425D94C,0.035988,TRAAAEF128F4273421
145,TRBRBOD128F147B27C,0.0359192,TRAAAEF128F4273421
146,TRZZADO128F147B28B,0.0359192,TRAAAEF128F4273421
147,TROVRTW128E0793533,0.0359192,TRAAAEF128F4273421
148,TRVAZPU128F4237223,0.0351564,TRAAAEF128F4273421
149,TRWALMD128F92E2105,0.0342717,TRAAAEF128F4273421
150,TRNWAVM128F9303A5B,0.0332543,TRAAAEF128F4273421
151,TRYKKYT128F146086A,0.0308922,TRAAAEF128F4273421
152,TRGBEJP128E079353A,0.0301223,TRAAAEF128F4273421
153,TRPWRPD128F147B292,0.0301223,TRAAAEF128F4273421
154,TRTITPO128F1469632,0.0293733,TRAAAEF128F4273421
155,TRUAIZR128F428A51D,0.0279112,TRAAAEF128F4273421
156,TRYQCML128F9314F72,0.0279112,TRAAAEF128F4273421
157,TRUWCLJ128F92E17C9,0.0255534,TRAAAEF128F4273421
158,TRHBHNI128F423EC4A,0.0249671,TRAAAEF128F4273421
159,TRWDUWB128F4278D34,0.0245101,TRAAAEF128F4273421
160,TRPSWBT128F42BC2BB,0.0245101,TRAAAEF128F4273421
161,TRBVUHU128F146827F,0.022694,TRAAAEF128F4273421
162,TRJLQHD128EF34B6D7,0.0217374,TRAAAEF128F4273421
163,TRMCLIX128F4257B96,0.0198935,TRAAAEF128F4273421
164,TRUFYHW128EF365F20,0.0198935,TRAAAEF128F4273421
165,TRASDRK12903D0800F,0.018945,TRAAAEF128F4273421
166,TRKEGJQ128F4253AB9,0.0170498,TRAAAEF128F4273421
167,TRYHUCY128F92EC9A5,0.0166362,TRAAAEF128F4273421
168,TRSXKXK128F4253ABF,0.0162632,TRAAAEF128F4273421
169,TRXNVPR128F4262861,0.0158326,TRAAAEF128F4273421
170,TRTVYCY128F93138B1,0.00144488,TRAAAEF128F4273421
171,TRTYEUE128F426BA31,0.00144488,TRAAAEF128F4273421
172,TRFQHMZ128F1469656,0.00144485,TRAAAEF128F4273421
173,TRPKDMP128F428B713,0.00144481,TRAAAEF128F4273421
174,TRMOYJQ12903CC0BAE,0.00144166,TRAAAEF128F4273421
175,TRWZCBQ128F9304565,0.00144166,TRAAAEF128F4273421
176,TRJKHEX128F1458AAA,0.001439,TRAAAEF128F4273421
177,TRPAOPQ128F426A0DA,0.00142769,TRAAAEF128F4273421
178,TROCENU128F148D1CA,0.00142393,TRAAAEF128F4273421
179,TRWGTRJ128F42756E4,0.00142247,TRAAAEF128F4273421
180,TRQLVGZ128F92FD650,0.00142247,TRAAAEF128F4273421
181,TRUUQQG128F146B044,0.00142247,TRAAAEF128F4273421
182,TRAIHOG12903CFDF3C,0.00142193,TRAAAEF128F4273421
183,TRAXJXW12903CE78E5,0.00142193,TRAAAEF128F4273421
184,TRHKNEO128F145894D,0.00142116,TRAAAEF128F4273421
185,TRPJXCX128F14592D9,0.00142116,TRAAAEF128F4273421
186,TRNDWUD128F146046D,0.00142025,TRAAAEF128F4273421
187,TRMLUKE128F427CF18,0.0014202,TRAAAEF128F4273421
188,TRPTQMV128F427CF34,0.0014202,TRAAAEF128F4273421
189,TRLHUIU12903D0CBC2,0.0014202,TRAAAEF128F4273421
0,TRTOVWD128F92F4227,1.0,TRAAAFD128F92F423A
1,TRUXNUD128F92F41D0,0.972941,TRAAAFD128F92F423A
2,TRNNOJO128F42992E9,0.0739269,TRAAAFD128F92F423A
3,TRGZHTT128F423B2A4,0.0683877,TRAAAFD128F92F423A
4,TRGYKYD128F42625F6,0.0655797,TRAAAFD128F92F423A
5,TRGIWHY128F42625F5,0.0640637,TRAAAFD128F92F423A
6,TRJCJTX128F930CACE,0.0631401,TRAAAFD128F92F423A
7,TRMYNWT128F426254B,0.0613825,TRAAAFD128F92F423A
8,TRRQOJI128F428C865,0.0611216,TRAAAFD128F92F423A
9,TRBNYHM128F428A569,0.0611216,TRAAAFD128F92F423A
10,TRDLOYE128F4241E72,0.0609519,TRAAAFD128F92F423A
11,TRNRVEW12903CBA24F,0.0603327,TRAAAFD128F92F423A
12,TRKKIPG12903CBA083,0.060155,TRAAAFD128F92F423A
13,TRZHTGP128F428A63B,0.0598736,TRAAAFD128F92F423A
14,TRKQSGZ128F428A851,0.0598736,TRAAAFD128F92F423A
15,TRTOPDF128F42AD88A,0.0596878,TRAAAFD128F92F423A
16,TRIWOPM128F4241E53,0.0589589,TRAAAFD128F92F423A
17,TRCCJUW128F14652DB,0.057935,TRAAAFD128F92F423A
18,TRERDDF128F428ECC4,0.0575666,TRAAAFD128F92F423A
19,TROKWNN128F421A3D8,0.0573798,TRAAAFD128F92F423A
20,TRWGOOK128F42AE765,0.057125,TRAAAFD128F92F423A
21,TRFMNKP128F428ADC0,0.0568751,TRAAAFD128F92F423A
22,TRDMLZT128F42A01A8,0.0558089,TRAAAFD128F92F423A
23,TRGCJVM128E0780E48,0.0547389,TRAAAFD128F92F423A
24,TRRXGAY128F14652D7,0.0538065,TRAAAFD128F92F423A
25,TRIPEHH128F1462DFF,0.052843,TRAAAFD128F92F423A
26,TRDUOIP128F147D5A7,0.0518515,TRAAAFD128F92F423A
27,TRZCHHD12903CC80A1,0.0512517,TRAAAFD128F92F423A
28,TRFDDQS128F426243F,0.0510183,TRAAAFD128F92F423A
29,TRZDKAR128F42591B8,0.0507409,TRAAAFD128F92F423A
30,TRDVXUG128F1456CBF,0.0504863,TRAAAFD128F92F423A
31,TRULRYN128F145FC1C,0.0502198,TRAAAFD128F92F423A
32,TRMOWIA128F425CE0F,0.0499775,TRAAAFD128F92F423A
33,TRUVPMZ128F42B6DF3,0.049762,TRAAAFD128F92F423A
34,TRSBDWW128F4262666,0.0496437,TRAAAFD128F92F423A
35,TRKPHWQ128F4264F8C,0.0495173,TRAAAFD128F92F423A
36,TRBBLXU128F42623A1,0.0494167,TRAAAFD128F92F423A
37,TRJKLLM128F1456C57,0.0490016,TRAAAFD128F92F423A
38,TRSAAEI128F4216C24,0.0488135,TRAAAFD128F92F423A
39,TRFXICT128F4264F8A,0.0487762,TRAAAFD128F92F423A
40,TRINVLH12903CBE5A1,0.0483345,TRAAAFD128F92F423A
41,TRMUUJR128F4262475,0.0483065,TRAAAFD128F92F423A
42,TRTORTD128F1456AFA,0.0468265,TRAAAFD128F92F423A
43,TRECUJO12903CA7120,0.0460656,TRAAAFD128F92F423A
44,TRXIRBQ128F93431BB,0.0456938,TRAAAFD128F92F423A
45,TRFDDVK128F42B6DF0,0.0456238,TRAAAFD128F92F423A
46,TRSRGPM128F421A30B,0.0439768,TRAAAFD128F92F423A
47,TRVUPPR128F429507D,0.0428725,TRAAAFD128F92F423A
48,TRMHCZC128F428A4CD,0.0406752,TRAAAFD128F92F423A
49,TRUFDRV128F4262352,0.0406752,TRAAAFD128F92F423A
50,TRUZZHT128F93229AF,0.0394222,TRAAAFD128F92F423A
51,TRLSIHL128F429AF18,0.0390021,TRAAAFD128F92F423A
52,TRGETCK128F1460DB1,0.0384995,TRAAAFD128F92F423A
53,TRSXXNU128F428AEF2,0.0383038,TRAAAFD128F92F423A
54,TRFZXSY128F9330D9F,0.0378552,TRAAAFD128F92F423A
55,TRPHFYF128F92F27FA,0.0377721,TRAAAFD128F92F423A
56,TRNRHSL128F9337B55,0.036998,TRAAAFD128F92F423A
57,TRPTGNZ128F421A56B,0.0367131,TRAAAFD128F92F423A
58,TRPAASI128F9337B6E,0.0364105,TRAAAFD128F92F423A
59,TRGCROO128F93431C4,0.0357543,TRAAAFD128F92F423A
60,TRCUHZL128F4235446,0.0349687,TRAAAFD128F92F423A
61,TRDPOTJ128F429AF0C,0.0348605,TRAAAFD128F92F423A
62,TROZUXM128F42790A2,0.0346483,TRAAAFD128F92F423A
63,TRJVLOQ128F9345A82,0.0345478,TRAAAFD128F92F423A
64,TRQTFRP128F145FC1E,0.0339346,TRAAAFD128F92F423A
65,TRQEWHR128F421A3F5,0.0323146,TRAAAFD128F92F423A
66,TRNTPJA128F4265039,0.0307029,TRAAAFD128F92F423A
67,TRDGXWY12903CF52BD,0.0302923,TRAAAFD128F92F423A
68,TRBLEMZ128F93102D0,0.0292243,TRAAAFD128F92F423A
69,TRBUUYO128F421A405,0.0284485,TRAAAFD128F92F423A
70,TREVBDI12903CED7E6,0.0279674,TRAAAFD128F92F423A
71,TRKREBF128F429B317,0.0258321,TRAAAFD128F92F423A
72,TRZBYPR128F4233A8D,0.025655,TRAAAFD128F92F423A
73,TRTAZUQ12903CFEA78,0.0245454,TRAAAFD128F92F423A
74,TRAIPRO128F429AE69,0.0243047,TRAAAFD128F92F423A
75,TRTTVUZ128F92FADD3,0.0233209,TRAAAFD128F92F423A
76,TRUYEJI128F4265041,0.0221737,TRAAAFD128F92F423A
77,TRAXVGT128F9344507,0.0213992,TRAAAFD128F92F423A
78,TRJJBLH128F4260DA1,0.0175365,TRAAAFD128F92F423A
79,TRAMCWR128F4233F7F,0.0161158,TRAAAFD128F92F423A
80,TRXBLME128F424330F,0.0157609,TRAAAFD128F92F423A
81,TRMUQXM128F4260D99,0.015696,TRAAAFD128F92F423A
82,TRHRZBJ128EF345514,0.0156951,TRAAAFD128F92F423A
83,TRJXIBT128F42454DB,0.0145192,TRAAAFD128F92F423A
84,TRTHPOY128F9345AA5,0.0137264,TRAAAFD128F92F423A
85,TRRFGJU128F933B2E6,0.00123362,TRAAAFD128F92F423A
86,TRMYJUA128F428A590,0.00123149,TRAAAFD128F92F423A
87,TRNMVTE128F933B2EC,0.00122703,TRAAAFD128F92F423A
88,TRYALZM128F1483C7D,0.00122453,TRAAAFD128F92F423A
89,TRZVEJU128F4234F4E,0.00121805,TRAAAFD128F92F423A
90,TRQAZDO128F145639F,0.00121666,TRAAAFD128F92F423A
91,TRJXNJM12903CF57ED,0.0012155,TRAAAFD128F92F423A
92,TRVAOGO128F427C9D6,0.00120951,TRAAAFD128F92F423A
93,TRZMZDS128F422843B,0.0012065,TRAAAFD128F92F423A
94,TRXIEOF12903CE8212,0.00120587,TRAAAFD128F92F423A
95,TRPVVUG128F42A36AA,0.00120576,TRAAAFD128F92F423A
96,TRXGVXS128F428AA5C,0.00120194,TRAAAFD128F92F423A
97,TRUBOGF128E078A5B9,0.00120179,TRAAAFD128F92F423A
98,TRITZSB128F4277CC2,0.0012014,TRAAAFD128F92F423A
99,TRGHPHX128F9343544,0.00119756,TRAAAFD128F92F423A
100,TRUKWPE128F428114F,0.00119666,TRAAAFD128F92F423A
101,TROBGRB128F93229AB,0.00119642,TRAAAFD128F92F423A
102,TRGKTMW12903CFAE65,0.00119637,TRAAAFD128F92F423A
0,TRSNSGQ128F42276FD,0.845623,TRAAAEF128F4273421
1,TRSPQON12903CA02F0,0.845623,TRAAAEF128F4273421
2,TRTMAWZ128F42276F9,0.843511,TRAAAEF128F4273421
3,TRVVDGO128F1455C03,0.783068,TRAAAEF128F4273421
4,TRPPZSM12903CB92FD,0.691631,TRAAAEF128F4273421
5,TRYDWUV128F4253C3A,0.691631,TRAAAEF128F4273421
6,TRSYWTL128F424C138,0.691628,TRAAAEF128F4273421
7,TRCSLWX128F4255C82,0.691628,TRAAAEF128F4273421
8,TRFRXIZ128F42433F3,0.691628,TRAAAEF128F4273421
9,TRJSXYD128F425B7D2,0.691628,TRAAAEF128F4273421
10,TRLIXYR128F933C778,0.691628,TRAAAEF128F4273421
11,TRBNZAE128F934CEED,0.691628,TRAAAEF128F4273421
12,TRDSXNK128F424C122,0.690792,TRAAAEF128F4273421
13,TRFCGAI128F4259E9F,0.688913,TRAAAEF128F4273421
14,TRIEWWD128F42962A3,0.685728,TRAAAEF128F4273421
15,TREEGBN128F92F8D70,0.68049,TRAAAEF128F4273421
16,TRBAYOQ128F14A8744,0.678489,TRAAAEF128F4273421
17,TRQPRTC128F424C117,0.675593,TRAAAEF128F4273421
18,TRGZTSG128F42450B3,0.660788,TRAAAEF128F4273421
19,TRTGWJM128F932F764,0.65995,TRAAAEF128F4273421
20,TRKKHMM12903CB578E,0.650626,TRAAAEF128F4273421
21,TRUDFGT12903CB577E,0.650626,TRAAAEF128F4273421
22,TREMUNY128F4259EF1,0.650446,TRAAAEF128F4273421
23,TRPABFV12903CEB91D,0.640014,TRAAAEF128F4273421
24,TRBLRHX128F4255C7B,0.63133,TRAAAEF128F4273421
25,TRNXEOF128F4287A16,0.602144,TRAAAEF128F4273421
26,TRQRHVE128F4297F6B,0.598801,TRAAAEF128F4273421
27,TRAIOHW12903CB9483,0.598801,TRAAAEF128F4273421
28,TREGUKA128F92E8208,0.579417,TRAAAEF128F4273421
29,TROKNNC128F1495237,0.571334,TRAAAEF128F4273421
0,TRXHNRQ128F1460CDB,1.0,TRAAAMQ128F1460CD3
1,TRIIZJX128F1460CE5,1.0,TRAAAMQ128F1460CD3
0,TRSFTWF128F4243F7D,0.012599,TRAAAPK128E0786D96
1,TRRVVGE12903CA1808,0.00381125,TRAAAPK128E0786D96
2,TRKTBTE12903CA1806,0.0034403,TRAAAPK128E0786D96
3,TRYBTYA128EF35A439,0.00151366,TRAAAPK128E0786D96
4,TRSNXAP128EF35A443,0.00141133,TRAAAPK128E0786D96
0,TRPUQJR128F9320769,1.0,TRAAARJ128F9320760
1,TROGAAI128F932076D,0.966956,TRAAARJ128F9320760
2,TRVBOEV128F42842EC,0.0334523,TRAAARJ128F9320760
3,TRQMPXL12903CF2B9B,0.028003,TRAAARJ128F9320760
4,TRTDLKS128F92F974D,0.0220028,TRAAARJ128F9320760
5,TRJNFIG128F92F8BCE,0.0219433,TRAAARJ128F9320760
6,TRVFISN128F146A83B,0.0207874,TRAAARJ128F9320760
7,TRVFLQW128F42990D8,0.018676,TRAAARJ128F9320760
8,TRLLFQT12903CFF749,0.016352,TRAAARJ128F9320760
9,TRMDXYZ128E0793785,0.0151719,TRAAARJ128F9320760
10,TRQBMYQ128F4232D68,0.00101981,TRAAARJ128F9320760
11,TRQYMCV12903CABB43,0.000859257,TRAAARJ128F9320760
12,TRJIEML12903CABB25,0.000854175,TRAAARJ128F9320760
13,TRZQGNE12903CBFE58,0.000827376,TRAAARJ128F9320760
14,TRAJSFA128F4276581,0.000827376,TRAAARJ128F9320760
15,TRZPJNB128F92C9443,0.000805212,TRAAARJ128F9320760
16,TRCXWGT128F4287A0C,0.000773563,TRAAARJ128F9320760
17,TRCHCNI128F92F26BF,0.000762434,TRAAARJ128F9320760
18,TRLDVPF128F4255C17,0.000752482,TRAAARJ128F9320760
19,TRWXPEJ12903CFF10D,0.000740143,TRAAARJ128F9320760
20,TRHZHGC128F9326586,0.000740143,TRAAARJ128F9320760
21,TRGQKXP128F1452E77,0.000736647,TRAAARJ128F9320760
22,TRTSBNC12903CDB373,0.000736317,TRAAARJ128F9320760
23,TRMFEDR128F14A3B8D,0.000722643,TRAAARJ128F9320760
24,TRDJROS128F930C96D,0.000694421,TRAAARJ128F9320760
25,TRACUDO128F1469081,0.000674836,TRAAARJ128F9320760
26,TRAEADK128F4270AA6,0.000656852,TRAAARJ128F9320760
27,TRBEFFG128F42764EA,0.000650052,TRAAARJ128F9320760
28,TRBGQTN128F4238322,0.000632542,TRAAARJ128F9320760
29,TRAFSEY128F9326584,0.000628989,TRAAARJ128F9320760
30,TRISACD128F930CE9A,0.000622911,TRAAARJ128F9320760
31,TRDFFRB128F930CE92,0.000622904,TRAAARJ128F9320760
32,TRLTAWU128F42AFC17,0.000620009,TRAAARJ128F9320760
33,TRAOHGY128F145AC85,0.000619497,TRAAARJ128F9320760
34,TRUEUCL128F4276856,0.000615309,TRAAARJ128F9320760
35,TRPLIZM128F427658F,0.000599944,TRAAARJ128F9320760
36,TRTJXEE12903CDCB23,0.000594778,TRAAARJ128F9320760
37,TRELXTY12903CDECBA,0.000594778,TRAAARJ128F9320760
38,TRMAVUA12903CEC6FE,0.000585201,TRAAARJ128F9320760
39,TRUTKNS128F4265D93,0.000579649,TRAAARJ128F9320760
40,TRIIDIK128F4276D75,0.000579634,TRAAARJ128F9320760
41,TRIHVBS12903CDB37A,0.000567881,TRAAARJ128F9320760
42,TRDDCDG128F4265D98,0.000567757,TRAAARJ128F9320760
43,TRLDDUP128F145E345,0.000556109,TRAAARJ128F9320760
44,TRBKDBO12903CDB255,0.000555949,TRAAARJ128F9320760
45,TRCXUXP128F92F24C9,0.000555099,TRAAARJ128F9320760
46,TRVGFDU128F1486178,0.000552891,TRAAARJ128F9320760
47,TRMVHFL128F1458D8F,0.000547944,TRAAARJ128F9320760
48,TRBPXFN128F4275E74,0.000547786,TRAAARJ128F9320760
49,TRIPENF128F92EFD8C,0.000544549,TRAAARJ128F9320760
50,TRMAIMN128F9324236,0.000536616,TRAAARJ128F9320760
51,TRXWFLW12903CF02EC,0.000536616,TRAAARJ128F9320760
52,TRMOSSC128F428A572,0.000529185,TRAAARJ128F9320760
53,TRDMWEY128F1484382,0.000522054,TRAAARJ128F9320760
54,TRDUHDW128F145B3B2,0.000518363,TRAAARJ128F9320760
55,TREMNLU128F934B682,0.000517668,TRAAARJ128F9320760
